user_name,user_name_href,fens,guanz,gender,ip_adress
社会军规二十三,https://weibo.com/1658902872?refer_flag=1001030103_,690,2246,男,福建
静---Aquarius,https://weibo.com/2628987463?refer_flag=1001030103_,157,752,女,湖南
到上流击水,https://weibo.com/2009124661?refer_flag=1001030103_,2802,5068,男,广东
不挖野菜王宝钏,https://weibo.com/5448554924?refer_flag=1001030103_,287,440,女,浙江
阿舒wit,https://weibo.com/5678264402?refer_flag=1001030103_,30,416,女,重庆
我爱漂亮男大学生,https://weibo.com/6019259263?refer_flag=1001030103_,42,729,女,上海
拓海菌,https://weibo.com/6069272249?refer_flag=1001030103_,59.6万,451,男,浙江
早春玉露抚石阶,https://weibo.com/3565667347?refer_flag=1001030103_,87,189,女,内蒙古
沐着阳光微笑,https://weibo.com/5587835561?refer_flag=1001030103_,97,64,女,四川
rexykj,https://weibo.com/5941543101?refer_flag=1001030103_,5,148,男,上海
